id,source_english,target_language,machine_translation_indictrans2,silver_emotion,human_verified_emotion,translation_naturalness_1_5,clinical_accuracy_approved,annotator_notes
em_001,"I am terrified of failing my board exams tomorrow.",ta,"நாளை என் பொதுத்தேர்வில் தோல்வியடைந்து விடுவேனோ என்று மிகவும் பயமாக இருக்கிறது.",anxiety,anxiety,5,yes,"Accurate emotional resonance and vocabulary."
em_002,"I feel like a complete failure and nobody cares about me.",hi,"मुझे लगता है कि मैं पूरी तरह असफल हूँ और किसी को मेरी परवाह नहीं है।",sadness,sadness,5,yes,"Natural Hindi tone for depressive helplessness."
em_003,"The pressure at work is crushing me and I can't sleep.",te,"ఆఫీస్ పని ఒత్తిడి నన్ను నలిపేస్తోంది, అసలు నిద్ర పట్టడం లేదు.",overwhelm,overwhelm,5,yes,"Idiomatic Telugu phrasing for work burnout."
em_004,"Ever since I lost my father, life feels completely empty.",kn,"ನನ್ನ ತಂದೆಯನ್ನು ಕಳೆದುಕೊಂಡಾಗಿನಿಂದ, ಜೀವನವು ಸಂಪೂರ್ಣವಾಗಿ ಶೂನ್ಯವೆನಿಸುತ್ತಿದೆ.",grief,grief,5,yes,"Appropriate grief/bereavement vocabulary."
em_005,"I feel so relieved after sharing this with you.",ml,"ഇത് നിങ്ങളോട് പങ്കുവെച്ചപ്പോൾ വലിയ ആശ്വാസം തോന്നുന്നു.",hope,hope,5,yes,"Accurate expression of emotional relief."
em_006,"Everything is irritating me today and I keep snapping at friends.",bn,"আজ সবকিছুতেই আমার বিরক্তি লাগছে এবং বন্ধুদের উপর রেগে যাচ্ছি।",anger,anger,5,yes,"Captures irritability and anger well."
em_007,"I just feel numb and don't feel like doing anything.",mr,"मला काहीच जाणीव होत नाहीये आणि काहीही करण्याची इच्छा उरलेली नाही.",sadness,sadness,5,yes,"Captures anhedonia and numbness accurately."
em_008,"I am scared I might have a panic attack on stage.",ta,"மேடையில் எனக்கு பயத்தில் பதற்றம் (panic attack) வந்துவிடுமோ என்று அச்சமாக உள்ளது.",anxiety,anxiety,5,yes,"Stage fright anxiety verified."
em_009,"I feel so proud of how far I have come despite the hardships.",hi,"मुश्किलों के बावजूद मैं जहाँ तक पहुँचा हूँ, मुझे खुद पर बहुत गर्व है।",hope,hope,5,yes,"Hope/resilience indicator."
em_010,"Why does everyone always expect me to handle everything alone?",te,"అందరూ ఎప్పుడూ నేనొక్కడినే అన్నీ చూసుకోవాలని ఎందుకు ఆశిస్తారు?",anger,anger,4,yes,"Emotional resentment and frustration."
em_011,"I haven't stepped outside my room in 3 days.",kn,"ಕಳೆದ 3 ದಿನಗಳಿಂದ ನಾನು ನನ್ನ ಕೋಣೆಯಿಂದ ಹೊರಬಂದೇ ಇಲ್ಲ.",sadness,sadness,5,yes,"Behavioral marker of depressive withdrawal."
em_012,"My chest feels tight and my heart is beating too fast.",ml,"എന്റെ നെഞ്ചിൽ വല്ലാത്ത ഭാരവും ഹൃദയം വേഗത്തിൽ ഇടിക്കുന്നതുപോലെയും തോന്നുന്നു.",anxiety,anxiety,5,yes,"Somatic anxiety manifestation."
em_013,"Today was a normal quiet day, nothing special happened.",bn,"আজকের দিনটা সাধারণ আর শান্ত ছিল, বিশেষ কিছু ঘটেনি।",neutral,neutral,5,yes,"Accurate neutral baseline."
em_014,"I am so sick and tired of fake promises from people.",mr,"लोकांच्या खोट्या आश्वासनांना मी पार कंटाळलो आहे.",anger,anger,5,yes,"Interpersonal anger and cynicism."
em_015,"Things finally seem to be improving with my family.",ta,"குடும்பத்துல கடைசியா எல்லாமே கொஞ்சம் கொஞ்சமா சரியாகி வருதுன்னு தோணுது.",hope,hope,5,yes,"Emotional recovery and optimism."
